,name,business_status,rating,user_ratings_total,formatted_address,vicinity,formatted_phone_number,website,opening_hours.open_now,types,price_level,icon,place_id,id,reference,icon
0,Bassett House Inn,OPERATIONAL,3.2,5.0,"128 Montauk Hwy, East Hampton, NY 11937, USA","128 Montauk Highway, East Hampton",(631) 324-6127,http://www.bassetthouseinn.com/,False,"['lodging', 'point_of_interest', 'establishment']",,https://maps.gstatic.com/mapfiles/place_api/icons/lodging-71.png,ChIJD1EO1Jm76IkRPhGcVqI4VS8,91b57adfc72b20658f6fae8b677f907d2ea5959a,ChIJD1EO1Jm76IkRPhGcVqI4VS8,https://maps.gstatic.com/mapfiles/place_api/icons/lodging-71.png
1,Capri Hotel Southampton,OPERATIONAL,3.4,73.0,"281 County Road 39A, Southampton, NY 11968, USA","281 County Road 39A, Southampton",(631) 504-6575,http://caprisouthampton.com/,,"['lodging', 'point_of_interest', 'establishment']",,https://maps.gstatic.com/mapfiles/place_api/icons/lodging-71.png,ChIJkatUJOWU6IkRScBd7UBY1nc,a8c50d056c4e7ee43bc97c5573054004aaeb8f6f,ChIJkatUJOWU6IkRScBd7UBY1nc,https://maps.gstatic.com/mapfiles/place_api/icons/lodging-71.png
2,Cozy Cabins Motel,OPERATIONAL,3.4,5.0,"395 Montauk Hwy, Wainscott, NY 11975, USA","395 Montauk Highway, Wainscott",(631) 537-1160,http://www.thecozycottages.com/,,"['lodging', 'point_of_interest', 'establishment']",,https://maps.gstatic.com/mapfiles/place_api/icons/lodging-71.png,ChIJbUH3-RK86IkRIWHY7pU7xLk,3c2f686f40cf72bf3336adf2624f2415ffe57e38,ChIJbUH3-RK86IkRIWHY7pU7xLk,https://maps.gstatic.com/mapfiles/place_api/icons/lodging-71.png
3,Wainscott Inn,OPERATIONAL,3.6,25.0,"3720 Montauk Hwy, Wainscott, NY 11975, USA","3720 Montauk Highway, Wainscott",(631) 537-0878,http://www.wainscottinn.com/,True,"['lodging', 'point_of_interest', 'establishment']",,https://maps.gstatic.com/mapfiles/place_api/icons/lodging-71.png,ChIJfViimxW86IkRY1V6OYXmNXY,f45b7886fd285e3cbb0c59ec3ebab297bddb54cd,ChIJfViimxW86IkRY1V6OYXmNXY,https://maps.gstatic.com/mapfiles/place_api/icons/lodging-71.png
4,West Neck Guesthouse,OPERATIONAL,4.0,7.0,"31 W Neck Rd, Shelter Island Heights, NY 11965, USA","31 West Neck Road, Shelter Island Heights",(631) 599-3430,https://westneckhouse.com/,True,"['lodging', 'point_of_interest', 'establishment']",,https://maps.gstatic.com/mapfiles/place_api/icons/lodging-71.png,ChIJv4qrw-yY6IkRPcCL5OwXbBU,a00cde546f34a48e615cfe3b8319fa2382104cc2,ChIJv4qrw-yY6IkRPcCL5OwXbBU,https://maps.gstatic.com/mapfiles/place_api/icons/lodging-71.png
5,380 Inn,OPERATIONAL,4.0,49.0,"380 Montauk Hwy, Wainscott, NY 11975, USA","380 Montauk Highway, Wainscott",(631) 527-7000,http://www.380inn.com/,,"['lodging', 'point_of_interest', 'establishment']",,https://maps.gstatic.com/mapfiles/place_api/icons/lodging-71.png,ChIJSX4JLxO86IkRSAKIxHOqink,e07acfb87d8d55ff350ebf171de5af6351494666,ChIJSX4JLxO86IkRSAKIxHOqink,https://maps.gstatic.com/mapfiles/place_api/icons/lodging-71.png
6,East Hampton Village Bed & Breakfast,OPERATIONAL,4.0,2.0,"172 Newtown Ln, East Hampton, NY 11937, USA","172 Newtown Lane, East Hampton",(631) 324-1858,http://www.easthamptonvillagebandb.com/,True,"['lodging', 'point_of_interest', 'establishment']",,https://maps.gstatic.com/mapfiles/place_api/icons/lodging-71.png,ChIJnTkZ6gS76IkRuk3b4ImyWO4,2872adac2b4c715104a1b1b19be646ab90f6aa52,ChIJnTkZ6gS76IkRuk3b4ImyWO4,https://maps.gstatic.com/mapfiles/place_api/icons/lodging-71.png
7,Ocean Dunes Apartments,OPERATIONAL,4.0,15.0,"379 Bluff Rd, Amagansett, NY 11930, USA","379 Bluff Road, Amagansett",(631) 267-8121,http://oceandunesamagansett.com/,,"['lodging', 'point_of_interest', 'establishment']",,https://maps.gstatic.com/mapfiles/place_api/icons/lodging-71.png,ChIJYT0eonSw6IkR-RZMAdcOuMw,090c6f0518e2f7df6c3b7dfeab1ddffbb80567d9,ChIJYT0eonSw6IkR-RZMAdcOuMw,https://maps.gstatic.com/mapfiles/place_api/icons/lodging-71.png
8,Southampton Long Island Hotel - Your Southampton Escape,OPERATIONAL,4.1,68.0,"5207, 450 County Rd 39, Southampton, NY 11968, USA","5207, 450 County Road 39, Southampton",(631) 283-2548,http://www.hotelofsouthampton.com/,True,"['lodging', 'point_of_interest', 'establishment']",,https://maps.gstatic.com/mapfiles/place_api/icons/lodging-71.png,ChIJqzGch5eU6IkR9oyq-18P2JU,d6ca04d268da446e3f1642ebc3a4931bee954766,ChIJqzGch5eU6IkR9oyq-18P2JU,https://maps.gstatic.com/mapfiles/place_api/icons/lodging-71.png
9,East Hampton Point,OPERATIONAL,4.1,67.0,"295 Three Mile Harbor Hog Creek Rd, East Hampton, NY 11937, USA","295 Three Mile Harbor Hog Creek Road, East Hampton",(631) 324-9191,http://www.easthamptonpoint.com/,True,"['lodging', 'restaurant', 'food', 'point_of_interest', 'establishment']",,https://maps.gstatic.com/mapfiles/place_api/icons/lodging-71.png,ChIJ42KsDhql6IkRbs8pqdMjx5k,d415222f9976af6cd09c4af0d9eb15a624362f8a,ChIJ42KsDhql6IkRbs8pqdMjx5k,https://maps.gstatic.com/mapfiles/place_api/icons/lodging-71.png
10,Southampton Inn,OPERATIONAL,4.1,131.0,"91 Hill St, Southampton, NY 11968, USA","91 Hill Street, Southampton",(631) 283-6500,http://www.southamptoninn.com/,,"['lodging', 'point_of_interest', 'establishment']",2.0,https://maps.gstatic.com/mapfiles/place_api/icons/lodging-71.png,ChIJjx8hMMSU6IkRIKmTdde0HRw,edc8567ab56faf5f57a5b6e2678c11cd566215cf,ChIJjx8hMMSU6IkRIKmTdde0HRw,https://maps.gstatic.com/mapfiles/place_api/icons/lodging-71.png
11,East Hampton House Resort,OPERATIONAL,4.1,108.0,"226 Pantigo Rd, East Hampton, NY 11937, USA","226 Pantigo Road, East Hampton",(631) 324-4300,http://www.easthamptonhouseresort.com/,True,"['lodging', 'point_of_interest', 'establishment']",,https://maps.gstatic.com/mapfiles/place_api/icons/lodging-71.png,ChIJu3qgWey66IkRhBC42DxMXVc,a6d65e2311bc588df699d0d8ff184beb74102067,ChIJu3qgWey66IkRhBC42DxMXVc,https://maps.gstatic.com/mapfiles/place_api/icons/lodging-71.png
12,Baron's Cove,OPERATIONAL,4.2,367.0,"31 W Water St, Sag Harbor, NY 11963, USA","31 West Water Street, Sag Harbor",(844) 227-6672,https://www.caperesorts.com/barons-cove,True,"['night_club', 'lodging', 'bar', 'point_of_interest', 'establishment']",,https://maps.gstatic.com/mapfiles/place_api/icons/lodging-71.png,ChIJPzf_5Tu96IkROBZwf-3KbyE,37f25491bcfc2baa112c329b79fc734784a2acfb,ChIJPzf_5Tu96IkROBZwf-3KbyE,https://maps.gstatic.com/mapfiles/place_api/icons/lodging-71.png
13,East Hampton Art House Bed & Breakfast,OPERATIONAL,4.2,24.0,"9 Bon Pinck Way, East Hampton, NY 11937, USA","9 Bon Pinck Way, East Hampton",(631) 907-4645,http://www.easthampton-arthouse-bedandbreakfast.com/,True,"['lodging', 'point_of_interest', 'establishment']",,https://maps.gstatic.com/mapfiles/place_api/icons/lodging-71.png,ChIJjesTaeul6IkRGvWPRE69LZ8,68c320010bc7253a916a4003a82c70bf929c7c88,ChIJjesTaeul6IkRGvWPRE69LZ8,https://maps.gstatic.com/mapfiles/place_api/icons/lodging-71.png
14,Topping Rose House,OPERATIONAL,4.3,201.0,"1 Bridgehampton-Sag Harbor Turnpike, Bridgehampton, NY 11932, USA","1 Bridgehampton-Sag Harbor Turnpike, Bridgehampton",(631) 537-0870,http://www.toppingrosehouse.com/,True,"['lodging', 'restaurant', 'food', 'point_of_interest', 'establishment']",4.0,https://maps.gstatic.com/mapfiles/place_api/icons/lodging-71.png,ChIJc-QCIdm96IkRL0OB-VmHlQ4,2a34311bb8a1cd2179e414ee963405aeea534f93,ChIJc-QCIdm96IkRL0OB-VmHlQ4,https://maps.gstatic.com/mapfiles/place_api/icons/lodging-71.png
15,Bridgehampton Inn & Restaurant,OPERATIONAL,4.3,44.0,"2266 Main St, Bridgehampton, NY 11932, USA","2266 Main Street, Bridgehampton",(631) 537-3660,http://www.bridgehamptoninn.com/,True,"['lodging', 'restaurant', 'food', 'point_of_interest', 'establishment']",,https://maps.gstatic.com/mapfiles/place_api/icons/lodging-71.png,ChIJswBzfd-96IkRceVZqYR2SFs,9c8e8cb7c60aaf4f4dc1d0217b1a4e3ef5a696ff,ChIJswBzfd-96IkRceVZqYR2SFs,https://maps.gstatic.com/mapfiles/place_api/icons/lodging-71.png
16,Harborwoods Guesthouse,OPERATIONAL,4.3,3.0,"1702 Bridgehampton-Sag Harbor Turnpike, Sag Harbor, NY 11963, USA","1702 Bridgehampton-Sag Harbor Turnpike, Sag Harbor",(516) 818-1186,http://www.harborwoodsguesthouse.com/,True,"['lodging', 'point_of_interest', 'establishment']",,https://maps.gstatic.com/mapfiles/place_api/icons/lodging-71.png,ChIJNZ4J1w296IkRVUJsxOpNmso,50ae79f8d675c792e7168cae534ba16672d09439,ChIJNZ4J1w296IkRVUJsxOpNmso,https://maps.gstatic.com/mapfiles/place_api/icons/lodging-71.png
17,The Maidstone,OPERATIONAL,4.3,120.0,"207 Main St, East Hampton, NY 11937, USA","207 Main Street, East Hampton",(631) 324-5006,http://www.themaidstone.com/,True,"['lodging', 'bar', 'restaurant', 'food', 'point_of_interest', 'store', 'establishment']",,https://maps.gstatic.com/mapfiles/place_api/icons/lodging-71.png,ChIJdYj2tau76IkRonrAOMKsdp4,c3d1b5b9a22cbd7fa2cacd38ca355d00f993dfce,ChIJdYj2tau76IkRonrAOMKsdp4,https://maps.gstatic.com/mapfiles/place_api/icons/lodging-71.png
18,The Mainstay,OPERATIONAL,4.3,15.0,"579 Hill St, Southampton, NY 11968, USA","579 Hill Street, Southampton",(631) 283-4375,http://www.themainstay.com,True,"['real_estate_agency', 'travel_agency', 'lodging', 'point_of_interest', 'establishment']",,https://maps.gstatic.com/mapfiles/place_api/icons/lodging-71.png,ChIJFz3yAbCU6IkRyBqzd9Bf1Rk,3695742c20f37d6c896759bb2bf09e317d212713,ChIJFz3yAbCU6IkRyBqzd9Bf1Rk,https://maps.gstatic.com/mapfiles/place_api/icons/lodging-71.png
19,Shelter Island House,OPERATIONAL,4.4,50.0,"11 Stearns Point Rd, Shelter Island Heights, NY 11965, USA","11 Stearns Point Road, Shelter Island Heights",(631) 749-1633,https://www.shelterislandhouse.com/,True,"['lodging', 'bar', 'restaurant', 'food', 'point_of_interest', 'establishment']",,https://maps.gstatic.com/mapfiles/place_api/icons/lodging-71.png,ChIJp8cw4-2Y6IkR7iWhs7oNVEI,dfc84c825cf96a6e2ba75138022cd2344ba07c6e,ChIJp8cw4-2Y6IkR7iWhs7oNVEI,https://maps.gstatic.com/mapfiles/place_api/icons/lodging-71.png
20,Sag Harbor Inn,OPERATIONAL,4.4,51.0,"45 W Water St, Sag Harbor, NY 11963, USA","45 West Water Street, Sag Harbor",(631) 725-2949,https://www.sagharborinn.com/,,"['lodging', 'point_of_interest', 'establishment']",,https://maps.gstatic.com/mapfiles/place_api/icons/lodging-71.png,ChIJ8X2YWjm96IkRxYXHB4_a3g4,220f4c346ff4e3dfc0c7a2fdc0fcda8923b74297,ChIJ8X2YWjm96IkRxYXHB4_a3g4,https://maps.gstatic.com/mapfiles/place_api/icons/lodging-71.png
21,A Walk in the Woods Bed and Breakfast,OPERATIONAL,4.4,19.0,"9680 N Bayview Rd, Southold, NY 11971, USA","9680 North Bayview Road, Southold",(631) 765-9197,http://www.walkinthewoodsbnb.com/,,"['lodging', 'point_of_interest', 'establishment']",,https://maps.gstatic.com/mapfiles/place_api/icons/lodging-71.png,ChIJP-lqbMOZ6IkRamB_qfsRSqg,bfb0563d3d3da6f98fbcd1da2c7e439398996759,ChIJP-lqbMOZ6IkRamB_qfsRSqg,https://maps.gstatic.com/mapfiles/place_api/icons/lodging-71.png
22,Mill House Inn,OPERATIONAL,4.4,42.0,"31 N Main St, East Hampton, NY 11937, USA","31 North Main Street, East Hampton",(631) 324-9766,http://www.millhouseinn.com/,True,"['lodging', 'point_of_interest', 'establishment']",,https://maps.gstatic.com/mapfiles/place_api/icons/lodging-71.png,ChIJCXyjtPy66IkR0tJwjM3VxmQ,87e910286777c765f9a9eba4daedfebe44339880,ChIJCXyjtPy66IkR0tJwjM3VxmQ,https://maps.gstatic.com/mapfiles/place_api/icons/lodging-71.png
23,Ram's Head Inn,OPERATIONAL,4.5,93.0,"108 S Ram Island Dr, Shelter Island Heights, NY 11965, USA","108 South Ram Island Drive, Shelter Island Heights",(631) 749-0811,http://www.theramsheadinn.com/,True,"['lodging', 'restaurant', 'food', 'point_of_interest', 'establishment']",3.0,https://maps.gstatic.com/mapfiles/place_api/icons/lodging-71.png,ChIJT6GSZzCi6IkR6Jx6b4DUpNs,147e2ccd88094b13b80c02a43cc5df0489bb7c56,ChIJT6GSZzCi6IkR6Jx6b4DUpNs,https://maps.gstatic.com/mapfiles/place_api/icons/lodging-71.png
24,East Hampton,OPERATIONAL,4.5,31.0,"105 Oakview Hwy, East Hampton, NY 11937, USA","105 Oakview Highway, East Hampton",(631) 324-1643,https://bayshorehomesales.com/,,"['rv_park', 'lodging', 'point_of_interest', 'establishment']",,https://maps.gstatic.com/mapfiles/place_api/icons/lodging-71.png,ChIJYX9NAiC76IkReXMG82GUGwE,351c2cb9d4278e9d90290a55ea9c9a57192ef969,ChIJYX9NAiC76IkReXMG82GUGwE,https://maps.gstatic.com/mapfiles/place_api/icons/lodging-71.png
25,A Room at the Beach,OPERATIONAL,4.6,22.0,"2668 Montauk Hwy, Bridgehampton, NY 11932, USA","2668 Montauk Highway, Bridgehampton",(631) 899-4006,http://iwantaroomatthebeach.com/,,"['lodging', 'point_of_interest', 'establishment']",,https://maps.gstatic.com/mapfiles/place_api/icons/lodging-71.png,ChIJrVd2w1e96IkRpXrhJRE3bkM,f619fc26d7506bd981c3413c5043a8193ec80182,ChIJrVd2w1e96IkRpXrhJRE3bkM,https://maps.gstatic.com/mapfiles/place_api/icons/lodging-71.png
26,American Hotel,OPERATIONAL,4.6,225.0,"45 Main St #3012, Sag Harbor, NY 11963, USA","45 Main Street #3012, Sag Harbor",(631) 725-3535,http://www.theamericanhotel.com/,True,"['lodging', 'point_of_interest', 'establishment']",,https://maps.gstatic.com/mapfiles/place_api/icons/lodging-71.png,ChIJbf5hKSW96IkRGXfe61M1hAU,b2c97091979f7e1ee5fd618b6dbbde256daca11c,ChIJbf5hKSW96IkRGXfe61M1hAU,https://maps.gstatic.com/mapfiles/place_api/icons/lodging-71.png
27,The Huntting Inn,OPERATIONAL,4.6,190.0,"94 Main St Suite 1800, East Hampton, NY 11937, USA","94 Main Street Suite 1800, East Hampton",(631) 324-0411,https://thepalm.com/restaurants/east-hampton/,True,"['lodging', 'restaurant', 'food', 'point_of_interest', 'establishment']",4.0,https://maps.gstatic.com/mapfiles/place_api/icons/lodging-71.png,ChIJnSNZ3_266IkRPmxhCT3swAk,d4371c42e0f91364324ef3d5519b8e4507720035,ChIJnSNZ3_266IkRPmxhCT3swAk,https://maps.gstatic.com/mapfiles/place_api/icons/lodging-71.png
28,The Baker House 1650,OPERATIONAL,4.7,34.0,"181 Main St, East Hampton, NY 11937, USA","181 Main Street, East Hampton",(631) 324-4081,https://www.bakerhouse1650.com/,True,"['lodging', 'point_of_interest', 'establishment']",,https://maps.gstatic.com/mapfiles/place_api/icons/lodging-71.png,ChIJAblvb6q76IkRlv7_QO6OaZg,82cc21bd28b47aceb669dc2be6311e47a26aaf46,ChIJAblvb6q76IkRlv7_QO6OaZg,https://maps.gstatic.com/mapfiles/place_api/icons/lodging-71.png
29,1770 House Restaurant & Inn,OPERATIONAL,4.7,141.0,"143 Main St, East Hampton, NY 11937, USA","143 Main Street, East Hampton",(631) 324-1770,http://www.1770house.com/,False,"['lodging', 'restaurant', 'food', 'point_of_interest', 'establishment']",4.0,https://maps.gstatic.com/mapfiles/place_api/icons/lodging-71.png,ChIJ3X8tQQC76IkRn9d3pJf8zoU,26f20bd99cc807c51dfe805a0a6cce811b8ccf30,ChIJ3X8tQQC76IkRn9d3pJf8zoU,https://maps.gstatic.com/mapfiles/place_api/icons/lodging-71.png
30,The Hedges Inn,OPERATIONAL,4.8,38.0,"74 James Ln, East Hampton, NY 11937, USA","74 James Lane, East Hampton",(631) 324-7101,https://www.thehedgesinn.com/,True,"['lodging', 'point_of_interest', 'establishment']",,https://maps.gstatic.com/mapfiles/place_api/icons/lodging-71.png,ChIJUYSTdqy76IkRkKk-iq2qWHE,e34e0f907cb7deeac03fa1dec27f22333880e9d3,ChIJUYSTdqy76IkRkKk-iq2qWHE,https://maps.gstatic.com/mapfiles/place_api/icons/lodging-71.png
31,White Fences Inn,OPERATIONAL,4.8,23.0,"371 Montauk Hwy, Water Mill, NY 11976, USA","371 Montauk Highway, Water Mill",(631) 500-9013,http://www.whitefenceswatermill.com/,True,"['lodging', 'point_of_interest', 'establishment']",,https://maps.gstatic.com/mapfiles/place_api/icons/lodging-71.png,ChIJY6mf2wmV6IkRueGSkQcxw7o,4914c6331af9825b637fc828e3ce069659499480,ChIJY6mf2wmV6IkRueGSkQcxw7o,https://maps.gstatic.com/mapfiles/place_api/icons/lodging-71.png
32,The Inn at Baron's Cove,OPERATIONAL,4.8,4.0,"31 W Water St, Sag Harbor, NY 11963, USA","31 West Water Street, Sag Harbor",(631) 725-2100,http://www.baronscove.com/,,"['lodging', 'point_of_interest', 'establishment']",,https://maps.gstatic.com/mapfiles/place_api/icons/lodging-71.png,ChIJXwO83Tu96IkRKVmULcAWRSY,7a9b3e90e95a1d80b0d98b0558680810d0fd72c1,ChIJXwO83Tu96IkRKVmULcAWRSY,https://maps.gstatic.com/mapfiles/place_api/icons/lodging-71.png
33,Sea Breeze Inn,OPERATIONAL,4.8,5.0,"30 Atlantic Ave, Amagansett, NY 11930, USA","30 Atlantic Avenue, Amagansett",(631) 267-3692,,,"['lodging', 'point_of_interest', 'establishment']",,https://maps.gstatic.com/mapfiles/place_api/icons/lodging-71.png,ChIJmQvOnA-w6IkR59pX_GQ-uVs,b109f067cb3a6bd920703e260f071e2076c9ed9a,ChIJmQvOnA-w6IkR59pX_GQ-uVs,https://maps.gstatic.com/mapfiles/place_api/icons/lodging-71.png
34,Southampton Village Motel,OPERATIONAL,4.9,13.0,"315 NY-27A, Southampton, NY 11968, USA","315 New York 27A, Southampton",(631) 283-3034,http://www.southamptonvillagemotel.com/,,"['lodging', 'point_of_interest', 'establishment']",,https://maps.gstatic.com/mapfiles/place_api/icons/lodging-71.png,ChIJkyB7U-CU6IkRuyxO-dscyX4,08230034c4ee9cb6836b73485e440d4c0f30abb5,ChIJkyB7U-CU6IkRuyxO-dscyX4,https://maps.gstatic.com/mapfiles/place_api/icons/lodging-71.png
35,The 1708 House,OPERATIONAL,4.9,15.0,"126 Main St, Southampton, NY 11968, USA","126 Main Street, Southampton",(631) 287-1708,http://www.1708house.com/,True,"['lodging', 'point_of_interest', 'establishment']",,https://maps.gstatic.com/mapfiles/place_api/icons/lodging-71.png,ChIJd00BxdyU6IkRXow927EE9iU,85b71339ca8a265cdd989f53901539f39c7d70e4,ChIJd00BxdyU6IkRXow927EE9iU,https://maps.gstatic.com/mapfiles/place_api/icons/lodging-71.png
36,A Butler's Manor,OPERATIONAL,4.9,42.0,"244 N Main St, Southampton, NY 11968, USA","244 North Main Street, Southampton",(631) 283-8550,https://www.abutlersmanor.com/?utm_source=google&utm_medium=GMB,True,"['lodging', 'point_of_interest', 'establishment']",,https://maps.gstatic.com/mapfiles/place_api/icons/lodging-71.png,ChIJe2LSq-iU6IkRdHDMyreK6vk,a6bbf39c1d58641f72f2d8deb520bfbb2d16af96,ChIJe2LSq-iU6IkRdHDMyreK6vk,https://maps.gstatic.com/mapfiles/place_api/icons/lodging-71.png
37,Two South Ferry B&B,OPERATIONAL,4.9,7.0,"2 S Ferry Rd, Shelter Island, NY 11964, USA","2 South Ferry Road, Shelter Island",(631) 749-3208,https://www.twosouthferrybandb.com/,,"['lodging', 'point_of_interest', 'establishment']",,https://maps.gstatic.com/mapfiles/place_api/icons/lodging-71.png,ChIJKZEQmoKY6IkR5kEgKTr5NI4,71d38b6e04e32043e58ca9b7fba148da17a6b8f9,ChIJKZEQmoKY6IkR5kEgKTr5NI4,https://maps.gstatic.com/mapfiles/place_api/icons/lodging-71.png
38,The Reform Club,OPERATIONAL,4.9,7.0,"23 Windmill Ln, Amagansett, NY 11930, USA","23 Windmill Lane, Amagansett",(631) 267-8500,https://www.reformclubamagansett.com/,True,"['lodging', 'point_of_interest', 'establishment']",,https://maps.gstatic.com/mapfiles/place_api/icons/lodging-71.png,ChIJXUcJ1Ka66IkRcs4ctzWvdXE,11d7e6595f38dedcbc8eb0d86e0ce57989c10403,ChIJXUcJ1Ka66IkRcs4ctzWvdXE,https://maps.gstatic.com/mapfiles/place_api/icons/lodging-71.png
39,Hayground Camp,OPERATIONAL,4.9,10.0,"151 Mitchell Ln, Bridgehampton, NY 11932, USA","151 Mitchell Lane, Bridgehampton",(631) 537-5188,http://hayground.org/,,"['campground', 'lodging', 'park', 'point_of_interest', 'establishment']",,https://maps.gstatic.com/mapfiles/place_api/icons/camping-71.png,ChIJP0e-U_e96IkR9E7eBDk9rOA,58ef309a8309ef37f0b35a5f45bab17af674f807,ChIJP0e-U_e96IkR9E7eBDk9rOA,https://maps.gstatic.com/mapfiles/place_api/icons/camping-71.png
40,Seven - A Boutique B&B Hotel on Shelter Island (Shelter Island Rental Regristration #19W-0007),OPERATIONAL,4.9,25.0,"7 Stearns Point Rd, Shelter Island Heights, NY 11965, USA","7 Stearns Point Road, Shelter Island Heights",(347) 326-3259,http://www.sevenonshelter.com/,True,"['lodging', 'point_of_interest', 'establishment']",,https://maps.gstatic.com/mapfiles/place_api/icons/lodging-71.png,ChIJofapC-6Y6IkRbLPPrCAOkIU,8915f1875159b3f159024b4c74465ceb2ef08061,ChIJofapC-6Y6IkRbLPPrCAOkIU,https://maps.gstatic.com/mapfiles/place_api/icons/lodging-71.png
41,Shelter Island Hideaway - Hamptons Vacation Beach Rental 4 Bedr House + Cottage,OPERATIONAL,5.0,3.0,"1 Brander Pkwy, Shelter Island, NY 11964, USA","1 Brander Parkway, Shelter Island",(631) 749-6206,http://www.shelterislandhideaway.com/,True,"['real_estate_agency', 'travel_agency', 'lodging', 'point_of_interest', 'establishment']",,https://maps.gstatic.com/mapfiles/place_api/icons/generic_business-71.png,ChIJNSLp3lCY6IkRGDHFLgx2pqM,2f280b7562db8a3418a71b647eaee213b39f67d4,ChIJNSLp3lCY6IkRGDHFLgx2pqM,https://maps.gstatic.com/mapfiles/place_api/icons/generic_business-71.png
42,Sunset Cove Cottages,OPERATIONAL,5.0,1.0,"16 Mudford Ave, East Hampton, NY 11937, USA","16 Mudford Avenue, East Hampton",(631) 329-1431,,True,"['lodging', 'point_of_interest', 'establishment']",,https://maps.gstatic.com/mapfiles/place_api/icons/lodging-71.png,ChIJVVUx8Ael6IkRkUYBb9kzgSQ,ef4aff5e8cbff2e8871bab131ef9148daf8d5b9a,ChIJVVUx8Ael6IkRkUYBb9kzgSQ,https://maps.gstatic.com/mapfiles/place_api/icons/lodging-71.png
43,Getaway House,OPERATIONAL,5.0,1.0,"4 Neighborhood House Dr, East Hampton, NY 11937, USA","4 Neighborhood House Drive, East Hampton",(631) 324-4622,,,"['lodging', 'point_of_interest', 'establishment']",,https://maps.gstatic.com/mapfiles/place_api/icons/lodging-71.png,ChIJe9OTaNy66IkRsW3cGBBLGrQ,49806afbf010d6991b99c163cd69c0ea1146a471,ChIJe9OTaNy66IkRsW3cGBBLGrQ,https://maps.gstatic.com/mapfiles/place_api/icons/lodging-71.png
44,Shared Table Farmhouse,OPERATIONAL,5.0,3.0,"425 Jacobs Ln, Southold, NY 11971, USA","425 Jacobs Lane, Southold",,http://www.sharedtablefarm.com/,,"['lodging', 'point_of_interest', 'establishment']",,https://maps.gstatic.com/mapfiles/place_api/icons/lodging-71.png,ChIJof0i5-SZ6IkRKu47R_r3hOk,dd234494fc8ce6908c235b5360b86bee17c63e33,ChIJof0i5-SZ6IkRKu47R_r3hOk,https://maps.gstatic.com/mapfiles/place_api/icons/lodging-71.png
45,Carols Quiet Spot,OPERATIONAL,5.0,3.0,"576 Majors Path, Southampton, NY 11968, USA","576 Majors Path, Southampton",(631) 283-3725,http://www.carolsquietspots.com/,,"['lodging', 'hair_care', 'point_of_interest', 'establishment']",,https://maps.gstatic.com/mapfiles/place_api/icons/lodging-71.png,ChIJ2fkC5V-U6IkR8iuYSAuUSNA,bc431acc730d7582a9cbed4fc3ebe3490910289f,ChIJ2fkC5V-U6IkR8iuYSAuUSNA,https://maps.gstatic.com/mapfiles/place_api/icons/lodging-71.png
46,The Pondview,OPERATIONAL,5.0,3.0,"1332 Deerfield Rd, Water Mill, NY 11976, USA","1332 Deerfield Road, Water Mill",(631) 726-7226,https://www.thepondview.com/,,"['travel_agency', 'lodging', 'point_of_interest', 'establishment']",,https://maps.gstatic.com/mapfiles/place_api/icons/lodging-71.png,ChIJI-M2ttCV6IkRQLrP7L4Jloo,9b943a6c585338c03becb3d89e5f6c524417ab34,ChIJI-M2ttCV6IkRQLrP7L4Jloo,https://maps.gstatic.com/mapfiles/place_api/icons/lodging-71.png
47,Nest Seekers,OPERATIONAL,5.0,2.0,"20 Main St, Southampton, NY 11968, USA","20 Main Street, Southampton",(631) 287-9260,https://www.nestseekers.com/,True,"['real_estate_agency', 'lodging', 'point_of_interest', 'establishment']",,https://maps.gstatic.com/mapfiles/place_api/icons/generic_business-71.png,ChIJ0TrhlFLx6IkRvCbmfsUxgH8,0e78466c8752b1bfa02eab8998436771fa1617b9,ChIJ0TrhlFLx6IkRvCbmfsUxgH8,https://maps.gstatic.com/mapfiles/place_api/icons/generic_business-71.png
48,East Hampton Colonial Inn,OPERATIONAL,,,"108 Montauk Hwy, East Hampton, NY 11937, USA","108 Montauk Highway, East Hampton",(516) 971-9650,http://easthamptoncolonialinn.com/,,"['lodging', 'point_of_interest', 'establishment']",,https://maps.gstatic.com/mapfiles/place_api/icons/lodging-71.png,ChIJU94Yepi76IkRunaZog6gPO4,b4969f07d16806a298b5f7a742d017f51612e2a3,ChIJU94Yepi76IkRunaZog6gPO4,https://maps.gstatic.com/mapfiles/place_api/icons/lodging-71.png
49,1800flyfirstclass,OPERATIONAL,,,"81 Newtown Ln, East Hampton, NY 11937, USA","81 Newtown Lane, East Hampton",(800) 653-0536,,,"['travel_agency', 'lodging', 'point_of_interest', 'establishment']",,https://maps.gstatic.com/mapfiles/place_api/icons/generic_business-71.png,ChIJYZo9gQK76IkRI1G0oZZI4ro,eafd4e5c45934b85c17dc00a03be1654feafc729,ChIJYZo9gQK76IkRI1G0oZZI4ro,https://maps.gstatic.com/mapfiles/place_api/icons/generic_business-71.png
50,Puddy Place,OPERATIONAL,,,"108 Montauk Hwy, East Hampton, NY 11937, USA","108 Montauk Highway, East Hampton",(631) 324-0206,http://www.easthamptoncolonialinn.com/,,"['lodging', 'point_of_interest', 'establishment']",,https://maps.gstatic.com/mapfiles/place_api/icons/lodging-71.png,ChIJU94Yepi76IkRsf1GRBT3Fro,cf18179c99033d81a2cae09996137d27156fc02e,ChIJU94Yepi76IkRsf1GRBT3Fro,https://maps.gstatic.com/mapfiles/place_api/icons/lodging-71.png
51,Bend In The Road Guest House,OPERATIONAL,,,"58 Spring Close Hwy, East Hampton, NY 11937, USA","58 Spring Close Highway, East Hampton",(631) 324-4592,http://www.bendintheroadguesthouse.com/,,"['lodging', 'point_of_interest', 'establishment']",,https://maps.gstatic.com/mapfiles/place_api/icons/lodging-71.png,ChIJbUSNSZW66IkR7j30gn9qOBs,ac304173da14832abc9fcb80087eb4f1bc63bcb6,ChIJbUSNSZW66IkR7j30gn9qOBs,https://maps.gstatic.com/mapfiles/place_api/icons/lodging-71.png
52,Reform Club,OPERATIONAL,,,"23 Windmill Ln, Amagansett, NY 11930, USA","23 Windmill Lane, Amagansett",(631) 267-8500,https://www.innatwindmilllane.com/,,"['lodging', 'point_of_interest', 'establishment']",,https://maps.gstatic.com/mapfiles/place_api/icons/lodging-71.png,ChIJe1Vvzaa66IkRcSF3uYkh-o0,f937fe871296feb4798aef270519e66b1b206d40,ChIJe1Vvzaa66IkRcSF3uYkh-o0,https://maps.gstatic.com/mapfiles/place_api/icons/lodging-71.png
53,B B Casa Inc,OPERATIONAL,,,"131 Main St, Southampton, NY 11968, USA","131 Main Street, Southampton",(631) 283-3111,,,"['lodging', 'point_of_interest', 'establishment']",,https://maps.gstatic.com/mapfiles/place_api/icons/lodging-71.png,ChIJHw1UAFGT6IkRmhAP455e8Bw,af3e4acb1a41721cc3e70c91bb0d6e707a3fd90a,ChIJHw1UAFGT6IkRmhAP455e8Bw,https://maps.gstatic.com/mapfiles/place_api/icons/lodging-71.png
54,Green Mansion,OPERATIONAL,,,"92 Main St, Sag Harbor, NY 11223, USA","92 Main Street, Sag Harbor",(631) 357-8964,,,"['lodging', 'point_of_interest', 'establishment']",,https://maps.gstatic.com/mapfiles/place_api/icons/lodging-71.png,ChIJ0cp50iS96IkRtMQvu3CqEWY,73e09b13be09b6cdf0d6eb2f06f62116992f4d61,ChIJ0cp50iS96IkRtMQvu3CqEWY,https://maps.gstatic.com/mapfiles/place_api/icons/lodging-71.png
55,Nathaniel Baker House,OPERATIONAL,,,"279 Main St, East Hampton, NY 11937, USA","279 Main Street, East Hampton",(631) 267-3450,http://www.nathanielbakerhouse.com/contact-us,,"['lodging', 'point_of_interest', 'establishment']",,https://maps.gstatic.com/mapfiles/place_api/icons/lodging-71.png,ChIJVVVRSAiw6IkRCy8N5AeSRkA,9893809a19848924ecdc56dff21616bbe86ead94,ChIJVVVRSAiw6IkRCy8N5AeSRkA,https://maps.gstatic.com/mapfiles/place_api/icons/lodging-71.png
56,Workplace to AIR BB,OPERATIONAL,,,"111 Harrison Street Extension, Sag Harbor, NY 11963, USA","111 Harrison Street Extension, Sag Harbor",,,,"['lodging', 'point_of_interest', 'establishment']",,https://maps.gstatic.com/mapfiles/place_api/icons/lodging-71.png,ChIJk9Kn0Ne96IkRofQSTUA7VAw,af47d1326ae48ed17f4d3be0a25c6b2cc484afaf,ChIJk9Kn0Ne96IkRofQSTUA7VAw,https://maps.gstatic.com/mapfiles/place_api/icons/lodging-71.png
57,Sag Harbor Whale House,OPERATIONAL,,,"287 Main St, Sag Harbor, NY 11963, USA","287 Main Street, Sag Harbor",,,,"['lodging', 'point_of_interest', 'establishment']",,https://maps.gstatic.com/mapfiles/place_api/icons/lodging-71.png,ChIJ4YMvcLW96IkR5nxaxkkljR0,c705cc42799ecf595ceb43466cb79108d9c45cc9,ChIJ4YMvcLW96IkR5nxaxkkljR0,https://maps.gstatic.com/mapfiles/place_api/icons/lodging-71.png
